"AAH03JACmAAEbrSAqN","20120620","23:35:40","269","23.797600","90.367302"
"AAH03JACmAAEbrSAqN","20120620","20:35:02","56","23.797600","90.367302"
"AAH03JACmAAEbrSAqN","20120625","15:38:06","106","23.797600","90.367302"
"AAH03JACmAAEbrSAqN","20120625","10:12:37","54","23.747200","90.398598"
"AAH03JACmAAEbrSAqN","20120625","11:05:19","21","23.797600","90.367302"
"AAH03JACmAAEbrSAqN","20120625","15:37:03","16","23.797600","90.367302"
"AAH03JACmAAEbrSAqN","20120625","13:29:04","62","23.820000","90.361397"
"AAH03JACmAAEbrSAqN","20120625","10:11:00","30","23.745600","90.394402"
"AAH03JACmAAEbrSAqN","20120625","11:25:14","14","23.797600","90.367302"
"AAH03JACmAAEbrSAqN","20120629","20:11:21","191","23.757500","90.381401"
"AAH03JACmAAEbrSAqN","20120629","19:48:43","49","23.742800","90.368301"
"AAH03JACmAAEbrSAqN","20120629","10:46:27","32","23.798599","90.353302"
"AAH03JACmAAEbrSAqN","20120630","19:21:30","81","23.797600","90.367302"
"AAH03JACmAAEbrSAqN","20120630","22:12:23","34","23.797600","90.367302"
"AAH03JACmAAEbrSAqN","20120628","15:27:56","239","23.804701","90.363899"
"AAH03JACmAAEbrSAqN","20120627","08:02:44","345","23.797600","90.367302"
"AAH03JACmAAEbrSAqN","20120630","22:14:33","412","23.797600","90.367302"
"AAH03JACmAAEbrSAqN","20120630","02:19:01","797","23.797600","90.367302"
"AAH03JACmAAEbrSAqN","20120628","15:32:13","3600","23.806400","90.360603"
"AAH03JACmAAEbrSAqN","20120630","13:18:14","134","23.797600","90.367302"
"AAH03JACmAAEbrSAqN","20120629","21:04:44","486","23.797600","90.367302"
"AAH03JACmAAEbrSAqN","20120628","16:32:49","355","23.824400","90.363899"
"AAH03JACmAAEbrSAqN","20120629","13:56:19","293","23.797600","90.367302"
"AAH03JACmAAEbrSAqO","20120628","18:47:15","30","23.706900","90.451698"
"AAH03JACmAAEbrSAqO","20120628","05:53:07","14","23.710600","90.431396"
"AAH03JACmAAEbrSAqO","20120628","10:15:06","66","23.699200","90.449997"
"AAH03JACmAAEbrSAqO","20120628","10:21:55","44","23.699200","90.449997"
"AAH03JACmAAEbrSAqO","20120626","09:08:18","25","23.699200","90.449997"
"AAH03JACmAAEbrSAqO","20120626","06:42:29","17","23.689699","90.430801"
"AAH03JACmAAEbrSAqO","20120627","18:58:45","39","23.699200","90.449997"
"AAH03JACmAAEbrSAqO","20120628","21:14:51","246","23.708599","90.435600"
"AAH03JACmAAEbrSAqO","20120626","19:41:16","19","23.703899","90.434402"
"AAH03JACmAAEbrSAqO","20120630","05:59:40","39","23.713900","90.429703"
"AAH03JACmAAEbrSAqO","20120630","20:51:47","50","23.698900","90.435303"
"AAH03JACmAAEbrSAqO","20120630","21:13:57","14","23.712799","90.426903"
"AAH03JACmAAEbrSAqO","20120627","15:48:57","20","23.699200","90.449997"
"AAH03JACmAAEbrSAqO","20120627","15:49:39","38","23.699200","90.449997"
"AAH03JACmAAEbrSAqO","20120626","19:25:13","10","23.702200","90.450600"
"AAH03JACmAAEbrSAqO","20120629","18:31:24","34","23.699200","90.456100"
"AAH03JACmAAEbrSAqO","20120630","06:14:25","58","23.707800","90.430603"
"AAH03JACmAAEbrSAqO","20120630","06:55:26","39","23.698900","90.435303"
"AAH03JACmAAEbrSAqO","20120630","07:28:42","27","23.703899","90.434402"
"AAH03JACmAAEbrSAqO","20120626","07:12:27","13","23.698900","90.435303"
"AAH03JACmAAEbrSAqO","20120626","07:34:19","10","23.703899","90.434402"
"AAH03JACmAAEbrSAqO","20120630","05:33:09","20","23.699200","90.449997"
"AAH03JACmAAEbrSAqO","20120630","07:16:33","93","23.703899","90.434402"
"AAH03JACmAAEbrSAqO","20120630","21:48:33","61","23.698900","90.435303"
"AAH03JACmAAEbrSAqO","20120630","19:15:24","11","23.712799","90.426903"
"AAH03JACmAAEbrSAqO","20120628","10:16:38","230","23.699200","90.449997"
"AAH03JACmAAEbrSAqO","20120627","22:49:06","26","23.699200","90.449997"
"AAH03JACmAAEbrSAqO","20120627","00:19:13","134","23.699200","90.449997"
"AAH03JACmAAEbrSAqO","20120628","07:14:30","29","23.703899","90.434402"
"AAH03JACmAAEbrSAqO","20120628","07:50:38","23","23.703899","90.434402"
"AAH03JACmAAEbrSAqO","20120630","07:52:10","60","23.702499","90.442802"
"AAH03JACmAAEbrSAqO","20120627","15:51:04","11","23.699200","90.449997"
"AAH03JACmAAEbrSAqO","20120630","18:24:06","23","23.713900","90.429703"
"AAH03JACmAAEbrSAqO","20120628","19:48:01","24","23.703899","90.434402"
"AAH03JACmAAEbrSAqO","20120630","20:36:32","25","23.689699","90.430801"
"AAH03JACmAAEbrSAqO","20120630","06:19:48","32","23.703899","90.434402"
"AAH03JACmAAEbrSAqO","20120630","06:54:04","22","23.698900","90.435303"
"AAH03JACmAAEbrSAqO","20120630","05:35:45","21","23.702200","90.450600"
"AAH03JACmAAEbrSAqO","20120626","07:13:59","26","23.698900","90.435303"
"AAH03JACmAAEbrSAqO","20120626","07:45:45","14","23.703899","90.434402"
"AAH03JACmAAEbrSAqO","20120630","21:10:40","40","23.712799","90.426903"
"AAH03JACmAAEbrSAqO","20120624","07:08:26","87","23.698900","90.435303"
"AAH03JACmAAEbrSAqO","20120624","07:39:59","94","23.703899","90.434402"
"AAH03JACmAAEbrSAqO","20120624","06:36:59","30","23.698900","90.435303"
"AAH03JACmAAEbrSAqO","20120624","20:05:57","19","23.703899","90.434402"
"AAH03JACmAAEbrSAqO","20120625","20:46:12","4","23.703899","90.434402"
"AAH03JACmAAEbrSAqO","20120625","19:38:20","72","23.693600","90.456100"
"AAH03JACmAAEbrSAqO","20120624","19:39:32","31","23.703899","90.434402"
"AAH03JACmAAEbrSAqO","20120624","20:43:50","37","23.698900","90.444397"
"AAH03JACmAAEbrSAqO","20120624","07:17:01","35","23.689699","90.430801"
"AAH03JACmAAEbrSAqO","20120624","05:59:28","50","23.707800","90.430603"
"AAH03JACmAAEbrSAqO","20120624","06:01:27","7","23.706400","90.428101"
"AAH03JACmAAEbrSAqO","20120624","05:47:59","26","23.709700","90.434196"
"AAH03JACmAAEbrSAqO","20120624","19:19:16","22","23.705000","90.447197"
"AAH03JACmAAEbrSAqO","20120624","20:41:13","64","23.694201","90.443100"
"AAH03JACmAAEbrSAqO","20120624","19:08:52","22","23.699200","90.456100"
"AAH03JACmAAEbrSAqO","20120703","23:13:08","193","23.699200","90.449997"
"AAH03JACmAAEbrSAqO","20120707","00:28:11","42","23.699200","90.449997"
"AAH03JACmAAEbrSAqO","20120706","19:07:15","55","23.699200","90.449997"
"AAH03JACmAAEbrSAqO","20120704","19:39:19","15","23.703899","90.434402"
"AAH03JACmAAEbrSAqO","20120701","19:00:19","52","23.703899","90.434402"
"AAH03JACmAAEbrSAqO","20120702","06:52:37","80","23.703899","90.434402"
"AAH03JACmAAEbrSAqO","20120702","05:39:21","18","23.699200","90.449997"
"AAH03JACmAAEbrSAqO","20120703","10:49:40","55","23.699200","90.449997"
"AAH03JACmAAEbrSAqO","20120702","08:39:19","49","23.693899","90.435600"
"AAH03JACmAAEbrSAqO","20120702","08:12:19","19","23.703899","90.434402"
"AAH03JACmAAEbrSAqO","20120702","05:35:15","20","23.699200","90.449997"
"AAH03JACmAAEbrSAqO","20120706","19:06:15","32","23.699200","90.449997"
"AAH03JACmAAEbrSAqO","20120706","05:55:16","13","23.713900","90.429703"
"AAH03JACmAAEbrSAqO","20120706","05:05:55","139","23.702200","90.450600"
"AAH03JACmAAEbrSAqO","20120706","23:52:08","85","23.699200","90.449997"
"AAH03JACmAAEbrSAqO","20120704","09:16:05","77","23.698900","90.444397"
"AAH03JACmAAEbrSAqO","20120702","07:09:39","26","23.703899","90.434402"
"AAH03JACmAAEbrSAqO","20120702","23:25:50","48","23.699200","90.449997"
"AAH03JACmAAEbrSAqO","20120701","17:25:44","25","23.729700","90.416702"
"AAH03JACmAAEbrSAqO","20120701","17:19:41","95","23.729700","90.416702"
"AAH03JACmAAEbrSAqO","20120701","15:48:58","23","23.709700","90.434196"
"AAH03JACmAAEbrSAqO","20120701","10:40:52","20","23.699200","90.449997"
"AAH03JACmAAEbrSAqO","20120701","00:03:59","49","23.699200","90.449997"
"AAH03JACmAAEbrSAqO","20120701","15:42:53","40","23.703899","90.434402"
"AAH03JACmAAEbrSAqO","20120706","08:23:15","40","23.689699","90.430801"
"AAH03JACmAAEbrSAqO","20120707","19:16:41","31","23.699200","90.449997"
"AAH03JACmAAEbrSAqO","20120706","06:34:33","11","23.703899","90.434402"
"AAH03JACmAAEbrSAqO","20120705","00:39:24","49","23.699200","90.449997"
"AAH03JACmAAEbrSAqO","20120704","09:17:40","137","23.699200","90.449997"
"AAH03JACmAAEbrSAqO","20120707","19:15:23","43","23.699200","90.449997"
"AAH03JACmAAEbrSAqO","20120705","11:38:42","119","23.699200","90.449997"
"AAH03JACmAAEbrSAqO","20120706","06:28:52","90","23.703899","90.434402"
"AAH03JACmAAEbrSAqO","20120706","08:21:54","52","23.689699","90.430801"
"AAH03JACmAAEbrSAqO","20120706","07:55:17","70","23.689699","90.430801"
"AAH03JACmAAEbrSAqO","20120706","08:16:32","68","23.689699","90.430801"
"AAH03JACmAAEbrSAqO","20120707","00:41:46","63","23.699200","90.449997"
"AAH03JACmAAEbrSAqO","20120707","00:31:35","392","23.699200","90.449997"
"AAH03JACmAAEbrSAqO","20120706","08:47:33","82","23.689699","90.430801"
"AAH03JACmAAEbrSAqO","20120706","21:18:10","90","23.699200","90.449997"
"AAH03JACmAAEbrSAqO","20120705","00:35:32","138","23.699200","90.449997"
"AAH03JACmAAEbrSAqO","20120702","20:20:10","27","23.697500","90.440300"
"AAH03JACmAAEbrSAqO","20120706","09:21:16","14","23.689699","90.430801"
"AAH03JACmAAEbrSAqO","20120708","21:10:53","70","23.698900","90.444397"
"AAH03JACmAAEbrSAqO","20120708","03:08:11","45","23.699200","90.449997"
"AAH03JACmAAEbrSAqO","20120708","08:55:26","35","23.703899","90.434402"
"AAH03JACmAAEbrSAqO","20120708","20:01:59","17","23.715799","90.425301"
"AAH03JACmAAEbrSAqO","20120708","01:21:57","14","23.699200","90.449997"
"AAH03JACmAAEbrSAqO","20120708","21:08:51","106","23.697500","90.440300"
"AAH03JACmAAEbrSAqO","20120708","00:17:44","43","23.699200","90.449997"
"AAH03JACmAAEbrSAqO","20120708","02:29:55","62","23.699200","90.449997"
"AAH03JACmAAEbrSAqO","20120708","05:34:36","17","23.713900","90.429703"
"AAH03JACmAAEbrSAqO","20120708","21:38:59","78","23.702200","90.450600"
"AAH03JACmAAEbrSAqO","20120708","01:15:49","30","23.699200","90.449997"
"AAH03JACmAAEbrSAqO","20120708","18:55:09","113","23.693300","90.432503"
"AAH03JACmAAEbrSAqO","20120708","01:26:25","52","23.699200","90.449997"
"AAH03JACmAAEbrSAqO","20120708","08:50:46","57","23.703899","90.434402"
"AAH03JACmAAEbrSAqO","20120709","18:48:09","28","23.699200","90.449997"
"AAH03JACmAAEbrSAqO","20120709","08:52:44","12","23.699200","90.449997"
"AAH03JACmAAEbrSAqO","20120709","09:06:38","9","23.703501","90.456299"
"AAH03JACmAAEbrSAqO","20120708","02:41:35","45","23.699200","90.449997"
"AAH03JACmAAEbrSAqO","20120710","23:02:38","32","23.699200","90.449997"
"AAH03JACmAAEbrSAqO","20120710","01:06:30","392","23.699200","90.449997"
"AAH03JACmAAEbrSAqO","20120710","09:24:19","48","23.701700","90.439697"
"AAH03JACmAAEbrSAqO","20120709","23:17:07","14","23.699200","90.449997"
"AAH03JACmAAEbrSAqO","20120709","08:17:26","21","23.699200","90.449997"
"AAH03JACmAAEbrSAqO","20120709","09:35:05","123","23.702200","90.450600"
"AAH03JACmAAEbrSAqO","20120709","18:17:53","33","23.699200","90.449997"
"AAH03JACmAAEbrSAqO","20120710","05:56:18","10","23.699200","90.449997"
"AAH03JACmAAEbrSAqO","20120710","05:50:50","2","23.699200","90.449997"
"AAH03JACmAAEbrSAqO","20120710","05:52:49","23","23.699200","90.449997"
"AAH03JACmAAEbrSAqO","20120710","13:15:23","45","23.699200","90.449997"
"AAH03JACmAAEbrSAqO","20120710","08:53:39","99","23.698900","90.435303"
"AAH03JACmAAEbrSAqO","20120710","09:19:29","161","23.703899","90.434402"
"AAH03JACmAAEbrSAqO","20120714","06:35:43","62","23.703899","90.434402"
"AAH03JACmAAEbrSAqO","20120714","09:14:28","29","23.703899","90.434402"
"AAH03JACmAAEbrSAqO","20120714","19:16:00","24","23.699200","90.456100"
"AAH03JACmAAEbrSAqO","20120714","07:18:23","18","23.703899","90.434402"
"AAH03JACmAAEbrSAqO","20120714","08:34:54","86","23.703899","90.434402"
"AAH03JACmAAEbrSAqO","20120714","20:53:33","38","23.697500","90.440300"
"AAH03JACmAAEbrSAqO","20120714","20:49:46","21","23.698900","90.435303"
"AAH03JACmAAEbrSAqO","20120714","08:32:21","66","23.703899","90.434402"
"AAH03JACmAAEbrSAqO","20120714","08:30:53","23","23.703899","90.434402"
"AAH03JACmAAEbrSAqO","20120714","08:41:01","30","23.693899","90.435600"
"AAH03JACmAAEbrSAqO","20120714","16:52:24","37","23.699200","90.449997"
"AAH03JACmAAEbrSAqO","20120714","19:05:45","39","23.699200","90.456100"
"AAH03JACmAAEbrSAqO","20120714","19:21:37","12","23.695801","90.450302"
"AAH03JACmAAEbrSAqO","20120714","06:41:36","35","23.703899","90.434402"
"AAH03JACmAAEbrSAqO","20120714","10:47:39","49","23.699200","90.449997"
"AAH03JACmAAEbrSAqO","20120714","10:46:58","19","23.699200","90.449997"
"AAH03JACmAAEbrSAqO","20120712","06:42:32","17","23.703899","90.434402"
"AAH03JACmAAEbrSAqO","20120712","08:16:58","25","23.703899","90.434402"
"AAH03JACmAAEbrSAqO","20120713","12:50:36","65","23.699200","90.449997"
"AAH03JACmAAEbrSAqO","20120713","12:49:34","41","23.699200","90.449997"
"AAH03JACmAAEbrSAqO","20120711","19:06:42","252","23.699200","90.449997"
"AAH03JACmAAEbrSAqO","20120713","12:39:24","172","23.699200","90.449997"
"AAH03JACmAAEbrSAqO","20120713","14:58:41","199","23.699200","90.449997"
"AAH03JACmAAEbrSAqO","20120622","05:58:47","8","23.706400","90.428101"
"AAH03JACmAAEbrSAqO","20120622","08:10:57","23","23.689699","90.430801"
"AAH03JACmAAEbrSAqO","20120622","11:13:44","16","23.699200","90.449997"
"AAH03JACmAAEbrSAqO","20120623","17:22:58","28","23.702200","90.450600"
"AAH03JACmAAEbrSAqO","20120623","19:13:57","39","23.693600","90.456100"
"AAH03JACmAAEbrSAqO","20120622","06:46:16","24","23.703899","90.434402"
"AAH03JACmAAEbrSAqO","20120622","11:59:43","53","23.699200","90.449997"
"AAH03JACmAAEbrSAqO","20120622","12:02:39","102","23.699200","90.449997"
"AAH03JACmAAEbrSAqO","20120623","18:31:21","19","23.699200","90.449997"
"AAH03JACmAAEbrSAqO","20120623","12:18:56","58","23.699200","90.449997"
"AAH03JACmAAEbrSAqO","20120622","16:43:25","27","23.699200","90.449997"
"AAH03JACmAAEbrSAqO","20120622","09:35:15","17","23.710600","90.431396"
"AAH03JACmAAEbrSAqO","20120622","06:57:40","15","23.703899","90.434402"
"AAH03JACmAAEbrSAqO","20120622","00:59:27","29","23.699200","90.449997"
"AAH03JACmAAEbrSAqO","20120621","10:25:04","34","23.699200","90.449997"
"AAH03JACmAAEbrSAqO","20120621","19:15:45","173","23.699200","90.449997"
"AAH03JACmAAEbrSAqO","20120620","05:00:59","43","23.702200","90.450600"
"AAH03JACmAAEbrSAqO","20120620","04:43:27","29","23.699200","90.449997"
"AAH03JACmAAEbrSAqO","20120620","07:26:36","65","23.683599","90.425598"
"AAH03JACmAAEbrSAqO","20120620","17:57:07","63","23.702200","90.450600"
"AAH03JACmAAEbrSAqO","20120620","17:37:14","137","23.702200","90.450600"
"AAH03JACmAAEbrSAqO","20120620","08:36:02","94","23.689699","90.430801"
"AAH03JACmAAEbrSAqO","20120619","23:19:46","11","23.699200","90.449997"
"AAH03JACmAAEbrSAqO","20120620","19:58:19","23","23.689699","90.430801"
"AAH03JACmAAEbrSAqO","20120620","17:43:52","84","23.702200","90.450600"
"AAH03JACmAAEbrSAqO","20120620","07:45:31","30","23.703899","90.434402"
"AAH03JACmAAEbrSAqO","20120620","07:48:11","11","23.703899","90.434402"
"AAH03JACmAAEbrSAqO","20120619","10:46:28","36","23.699200","90.449997"
"AAH03JACmAAEbrSAqO","20120619","11:24:18","58","23.699200","90.449997"
"AAH03JACmAAEbrSAqO","20120715","22:57:00","267","23.699200","90.449997"
"AAH03JACmAAEbrSAqO","20120715","09:31:07","31","23.702200","90.450600"
"AAH03JACmAAEbrSAqO","20120715","16:07:45","52","23.732201","90.413597"
"AAH03JACmAAEbrSAqO","20120715","17:46:24","55","23.722799","90.411903"
"AAH03JACmAAEbrSAqO","20120716","22:30:04","44","23.699200","90.449997"
"AAH03JACmAAEbrSAqO","20120716","17:38:03","40","23.704700","90.443604"
"AAH03JACmAAEbrSAqO","20120716","06:41:55","23","23.693300","90.432503"
"AAH03JACmAAEbrSAqO","20120716","07:19:15","15","23.698900","90.435303"
"AAH03JACmAAEbrSAqO","20120716","19:50:00","48","23.709700","90.434196"
"AAH03JACmAAEbrSAqO","20120716","22:05:56","341","23.699200","90.449997"
"AAH03JACmAAEbrSAqO","20120716","17:39:42","26","23.705601","90.439201"
"AAH03JACmAAEbrSAqO","20120716","09:22:16","107","23.698900","90.444397"
"AAH03JACmAAEbrSAqO","20120716","17:30:35","32","23.702200","90.450600"
"AAH03JACmAAEbrSAqO","20120715","17:36:01","77","23.727501","90.416100"
"AAH03JACmAAEbrSAqO","20120718","20:55:14","40","23.715799","90.425301"
"AAH03JACmAAEbrSAqO","20120718","22:17:46","18","23.702200","90.450600"
"AAH03JACmAAEbrSAqO","20120718","07:59:48","9","23.703899","90.434402"
"AAH03JACmAAEbrSAqO","20120718","12:51:17","21","23.695801","90.450302"
"AAH03JACmAAEbrSAqO","20120718","12:52:16","58","23.699200","90.456100"
"AAH03JACmAAEbrSAqO","20120716","10:23:03","32","23.699200","90.449997"
"AAH03JACmAAEbrSAqO","20120718","18:51:51","18","23.709700","90.434196"
"AAH03JACmAAEbrSAqO","20120718","06:22:00","30","23.703899","90.434402"
"AAH03JACmAAEbrSAqO","20120718","06:25:56","50","23.703899","90.434402"
"AAH03JACmAAEbrSAqO","20120718","08:00:38","11","23.703899","90.434402"
"AAH03JACmAAEbrSAqP","20120718","16:32:11","16","23.747499","90.407204"
"AAH03JACmAAEbrSAqP","20120718","19:53:02","62","23.757799","90.389702"
"AAH03JACmAAEbrSAqP","20120718","16:33:46","1","23.744699","90.404701"
"AAH03JACmAAEbrSAqP","20120718","20:56:53","46","23.826700","90.393303"
"AAH03JACmAAEbrSAqP","20120718","21:45:47","3","23.822500","90.388901"
"AAH03JACmAAEbrSAqP","20120717","22:48:23","214","23.822500","90.388901"
"AAH03JACmAAEbrSAqP","20120717","23:03:17","96","23.822500","90.388901"
"AAH03JACmAAEbrSAqP","20120718","20:31:34","37","23.817801","90.405800"
"AAH03JACmAAEbrSAqP","20120716","17:28:39","8","23.782200","90.426903"
"AAH03JACmAAEbrSAqP","20120716","17:29:33","3","23.782200","90.426903"
"AAH03JACmAAEbrSAqP","20120716","17:29:52","106","23.782200","90.426903"
"AAH03JACmAAEbrSAqP","20120717","12:39:14","57","23.743900","90.400002"
"AAH03JACmAAEbrSAqP","20120717","13:14:39","14","23.747499","90.407204"
"AAH03JACmAAEbrSAqP","20120717","11:40:01","60","23.743900","90.400002"
"AAH03JACmAAEbrSAqP","20120715","15:27:46","169","23.782200","90.426903"
"AAH03JACmAAEbrSAqP","20120716","13:47:29","31","23.772499","90.380302"
"AAH03JACmAAEbrSAqP","20120716","14:09:38","16","23.772499","90.380302"
"AAH03JACmAAEbrSAqP","20120716","11:13:04","12","23.743900","90.400002"
"AAH03JACmAAEbrSAqP","20120704","09:20:25","50","23.740801","90.396400"
"AAH03JACmAAEbrSAqP","20120705","14:52:48","2","23.782499","90.389198"
"AAH03JACmAAEbrSAqP","20120707","10:34:26","122","23.782200","90.426903"
"AAH03JACmAAEbrSAqP","20120704","20:24:59","260","23.822500","90.388901"
"AAH03JACmAAEbrSAqP","20120703","22:06:49","41","23.822500","90.388901"
"AAH03JACmAAEbrSAqP","20120703","09:16:25","210","23.822500","90.388901"
"AAH03JACmAAEbrSAqP","20120703","21:36:10","24","23.822500","90.388901"
"AAH03JACmAAEbrSAqP","20120704","10:28:08","17","23.741400","90.394402"
"AAH03JACmAAEbrSAqP","20120703","18:38:09","20","23.782200","90.426903"
"AAH03JACmAAEbrSAqP","20120702","21:13:23","28","23.796900","90.424400"
"AAH03JACmAAEbrSAqP","20120702","12:05:29","228","23.822500","90.388901"
"AAH03JACmAAEbrSAqP","20120702","12:09:48","75","23.822500","90.388901"
"AAH03JACmAAEbrSAqP","20120706","22:38:29","193","23.822500","90.388901"
"AAH03JACmAAEbrSAqP","20120707","10:26:54","66","23.782200","90.426903"
"AAH03JACmAAEbrSAqP","20120703","12:19:15","15","23.782200","90.426903"
"AAH03JACmAAEbrSAqP","20120703","12:16:21","16","23.782200","90.426903"
"AAH03JACmAAEbrSAqP","20120702","16:07:50","85","23.822500","90.388901"
"AAH03JACmAAEbrSAqP","20120701","16:12:53","49","23.782200","90.426903"
"AAH03JACmAAEbrSAqP","20120701","11:02:21","36","23.745800","90.395302"
"AAH03JACmAAEbrSAqP","20120703","18:50:54","182","23.782200","90.426903"
"AAH03JACmAAEbrSAqP","20120707","10:25:25","64","23.782200","90.426903"
"AAH03JACmAAEbrSAqP","20120701","10:35:43","34","23.723101","90.410301"
"AAH03JACmAAEbrSAqP","20120625","17:50:42","20","23.782200","90.426903"
"AAH03JACmAAEbrSAqP","20120625","16:28:39","41","23.782200","90.426903"
"AAH03JACmAAEbrSAqP","20120625","12:46:22","24","23.782200","90.426903"
"AAH03JACmAAEbrSAqP","20120625","16:24:41","25","23.784201","90.425598"
"AAH03JACmAAEbrSAqP","20120625","08:31:04","21","23.822500","90.388901"
"AAH03JACmAAEbrSAqP","20120625","17:06:01","96","23.782200","90.426903"
"AAH03JACmAAEbrSAqP","20120624","17:09:15","19","23.782200","90.426903"
"AAH03JACmAAEbrSAqP","20120625","09:38:22","29","23.822500","90.388901"
"AAH03JACmAAEbrSAqP","20120625","12:10:11","5","23.782200","90.426903"
"AAH03JACmAAEbrSAqP","20120625","08:09:39","168","23.822500","90.388901"
"AAH03JACmAAEbrSAqP","20120624","22:32:54","353","23.822500","90.388901"
"AAH03JACmAAEbrSAqP","20120626","14:19:19","15","23.782200","90.426903"
"AAH03JACmAAEbrSAqP","20120628","16:23:10","40","23.782200","90.426903"
"AAH03JACmAAEbrSAqP","20120628","20:27:58","88","23.782200","90.426903"
"AAH03JACmAAEbrSAqP","20120629","11:27:11","36","23.725300","90.411102"
"AAH03JACmAAEbrSAqP","20120627","08:16:38","102","23.822500","90.388901"
"AAH03JACmAAEbrSAqP","20120628","22:08:57","48","23.822500","90.388901"
"AAH03JACmAAEbrSAqP","20120629","21:57:51","40","23.637501","90.055000"
"AAH03JACmAAEbrSAqP","20120626","10:04:04","171","23.819201","90.417198"
"AAH03JACmAAEbrSAqP","20120628","17:08:08","44","23.782200","90.426903"
"AAH03JACmAAEbrSAqP","20120626","21:47:25","69","23.822500","90.388901"
"AAH03JACmAAEbrSAqP","20120628","16:29:20","64","23.782200","90.426903"
"AAH03JACmAAEbrSAqP","20120628","11:33:58","18","23.782200","90.426903"
"AAH03JACmAAEbrSAqP","20120629","09:06:15","159","23.822500","90.388901"
"AAH03JACmAAEbrSAqP","20120630","13:47:38","36","23.631100","90.081902"
"AAH03JACmAAEbrSAqP","20120627","22:18:16","290","23.822500","90.388901"
"AAH03JACmAAEbrSAqP","20120628","16:39:27","47","23.782200","90.426903"
"AAH03JACmAAEbrSAqP","20120628","16:42:17","39","23.782200","90.426903"
"AAH03JACmAAEbrSAqP","20120628","16:36:13","125","23.782200","90.426903"
"AAH03JACmAAEbrSAqP","20120630","15:35:10","164","23.631100","90.081902"
"AAH03JACmAAEbrSAqP","20120627","18:28:53","128","23.822500","90.388901"
"AAH03JACmAAEbrSAqP","20120628","19:40:45","35","23.782200","90.426903"
"AAH03JACmAAEbrSAqP","20120630","15:49:05","21","23.631100","90.081902"
"AAH03JACmAAEbrSAqP","20120627","14:33:13","76","23.822500","90.388901"
"AAH03JACmAAEbrSAqP","20120627","13:14:39","122","23.822500","90.388901"
"AAH03JACmAAEbrSAqP","20120627","10:17:36","41","23.826700","90.393303"
"AAH03JACmAAEbrSAqP","20120629","10:07:42","264","23.822500","90.388901"
"AAH03JACmAAEbrSAqP","20120629","12:06:54","30","23.690300","90.307198"
"AAH03JACmAAEbrSAqP","20120630","15:00:15","29","23.631100","90.081902"
"AAH03JACmAAEbrSAqP","20120621","17:45:19","71","23.631100","90.081902"
"AAH03JACmAAEbrSAqP","20120621","18:45:40","12","23.635000","90.109703"
"AAH03JACmAAEbrSAqP","20120621","18:46:14","828","23.635000","90.109703"
"AAH03JACmAAEbrSAqP","20120622","08:39:04","18","23.784201","90.425598"
"AAH03JACmAAEbrSAqP","20120622","10:22:04","30","23.782200","90.426903"
"AAH03JACmAAEbrSAqP","20120622","12:04:44","16","23.782200","90.426903"
"AAH03JACmAAEbrSAqP","20120623","16:19:43","52","23.782200","90.426903"
"AAH03JACmAAEbrSAqP","20120623","20:19:02","34","23.782200","90.426903"
"AAH03JACmAAEbrSAqP","20120622","22:28:53","194","23.822500","90.388901"
"AAH03JACmAAEbrSAqP","20120623","08:57:20","110","23.822500","90.388901"
"AAH03JACmAAEbrSAqP","20120623","12:36:03","247","23.782200","90.426903"
"AAH03JACmAAEbrSAqP","20120619","13:01:31","60","23.744699","90.392502"
"AAH03JACmAAEbrSAqP","20120620","18:05:36","26","23.631100","90.081902"
"AAH03JACmAAEbrSAqP","20120619","14:01:23","30","23.757500","90.389999"
"AAH03JACmAAEbrSAqP","20120619","19:49:02","30","23.782200","90.426903"
"AAH03JACmAAEbrSAqP","20120620","18:03:17","66","23.631100","90.081902"
"AAH03JACmAAEbrSAqP","20120620","11:37:55","32","23.784201","90.425598"
"AAH03JACmAAEbrSAqP","20120620","22:03:17","24","23.631100","90.081902"
"AAH03JACmAAEbrSAqP","20120620","19:19:19","90","23.631100","90.081902"
"AAH03JACmAAEbrSAqP","20120620","18:57:54","24","23.631100","90.081902"
"AAH03JACmAAEbrSAqP","20120621","08:44:17","57","23.637501","90.055000"
"AAH03JACmAAEbrSAqP","20120620","22:03:54","277","23.631100","90.081902"
"AAH03JACmAAEbrSAqP","20120621","17:50:57","158","23.631100","90.081902"
"AAH03JACmAAEbrSAqP","20120621","14:23:21","52","23.637501","90.055000"
"AAH03JACmAAEbrSAqP","20120620","09:16:31","72","23.822500","90.388901"
"AAH03JACmAAEbrSAqP","20120620","18:58:48","59","23.631100","90.081902"
"AAH03JACmAAEbrSAqP","20120619","21:52:53","33","23.826700","90.393303"
"AAH03JACmAAEbrSAqP","20120620","19:44:38","92","23.631100","90.081902"
"AAH03JACmAAEbrSAqP","20120620","11:44:33","8","23.782200","90.426903"
"AAH03JACmAAEbrSAqP","20120619","19:46:24","26","23.782200","90.426903"
"AAH03JACmAAEbrSAqP","20120619","11:30:18","246","23.743900","90.400002"
"AAH03JACmAAEbrSAqP","20120619","11:12:44","86","23.738600","90.407501"
"AAH03JACmAAEbrSAqP","20120619","08:58:31","140","23.822500","90.388901"
"AAH03JACmAAEbrSAqP","20120708","22:07:46","89","23.822500","90.388901"
"AAH03JACmAAEbrSAqP","20120708","22:15:05","456","23.822500","90.388901"
"AAH03JACmAAEbrSAqP","20120709","14:02:23","126","23.782200","90.426903"
"AAH03JACmAAEbrSAqP","20120709","13:05:12","209","23.782200","90.426903"
"AAH03JACmAAEbrSAqP","20120709","11:11:03","170","23.782200","90.426903"
"AAH03JACmAAEbrSAqP","20120709","09:25:25","51","23.822500","90.388901"
"AAH03JACmAAEbrSAqP","20120709","11:06:40","59","23.782200","90.426903"
"AAH03JACmAAEbrSAqP","20120708","22:09:33","270","23.822500","90.388901"
"AAH03JACmAAEbrSAqP","20120713","08:32:01","219","23.631100","90.081902"
"AAH03JACmAAEbrSAqP","20120712","11:47:32","36","23.618099","90.119400"
"AAH03JACmAAEbrSAqP","20120712","11:48:37","43","23.619200","90.113899"
"AAH03JACmAAEbrSAqP","20120712","09:21:56","28","23.631100","90.081902"
"AAH03JACmAAEbrSAqP","20120712","17:53:45","382","23.631100","90.081902"
"AAH03JACmAAEbrSAqP","20120712","12:33:18","14","23.635000","90.109703"
"AAH03JACmAAEbrSAqP","20120711","17:27:24","206","23.631100","90.081902"
"AAH03JACmAAEbrSAqP","20120711","12:13:19","59","23.723101","90.410301"
"AAH03JACmAAEbrSAqP","20120711","12:27:06","33","23.723101","90.410301"
"AAH03JACmAAEbrSAqP","20120711","15:17:11","51","23.631100","90.081902"
"AAH03JACmAAEbrSAqP","20120711","18:01:41","18","23.637501","90.055000"
"AAH03JACmAAEbrSAqQ","20120706","13:07:54","11","23.863100","90.455803"
"AAH03JACmAAEbrSAqQ","20120621","12:33:04","16","23.780600","90.402496"
"AAH03JACmAAEbrSAqQ","20120621","19:51:07","114","23.879700","90.440300"
"AAH03JACmAAEbrSAqQ","20120621","15:19:57","10","23.780600","90.402496"
"AAH03JACmAAEbrSAqQ","20120623","12:50:02","31","23.780600","90.402496"
"AAH03JACmAAEbrSAqQ","20120623","11:00:13","63","23.879700","90.440300"
"AAH03JACmAAEbrSAqR","20120622","22:30:02","20","23.646400","90.039398"
"AAH03JACmAAEbrSAqR","20120623","11:44:45","555","23.646400","90.039398"
"AAH03JACmAAEbrSAqR","20120623","11:56:28","240","23.646400","90.039398"
"AAH03JACmAAEbrSAqR","20120623","11:55:16","40","23.646400","90.039398"
"AAH03JACmAAEbrSAqR","20120622","12:16:54","44","23.646400","90.039398"
"AAH03JACmAAEbrSAqR","20120622","21:25:17","150","23.646400","90.039398"
"AAH03JACmAAEbrSAqR","20120622","15:34:33","31","23.646400","90.039398"
"AAH03JACmAAEbrSAqR","20120622","19:49:43","40","23.646400","90.039398"
"AAH03JACmAAEbrSAqR","20120622","21:07:09","26","23.646400","90.039398"
"AAH03JACmAAEbrSAqR","20120622","10:58:04","153","23.646400","90.039398"
"AAH03JACmAAEbrSAqR","20120622","15:32:03","114","23.646400","90.039398"
"AAH03JACmAAEbrSAqR","20120623","11:41:41","48","23.646400","90.039398"
"AAH03JACmAAEbrSAqR","20120621","15:36:14","270","23.646400","90.039398"
"AAH03JACmAAEbrSAqR","20120620","10:40:42","17","23.646400","90.039398"
"AAH03JACmAAEbrSAqR","20120620","15:17:14","48","23.646400","90.039398"
"AAH03JACmAAEbrSAqR","20120621","15:27:44","428","23.646400","90.039398"
"AAH03JACmAAEbrSAqR","20120619","16:33:35","616","23.646400","90.039398"
"AAH03JACmAAEbrSAqR","20120620","18:30:48","161","23.646400","90.039398"
"AAH03JACmAAEbrSAqR","20120621","15:41:47","60","23.646400","90.039398"
"AAH03JACmAAEbrSAqR","20120621","21:14:57","50","23.646400","90.039398"
"AAH03JACmAAEbrSAqR","20120625","17:07:43","1320","23.646400","90.039398"
"AAH03JACmAAEbrSAqR","20120712","06:24:17","55","23.646400","90.039398"
"AAH03JACmAAEbrSAqR","20120711","15:13:18","60","23.646400","90.039398"
"AAH03JACmAAEbrSAqR","20120709","14:53:43","6","23.646400","90.039398"
"AAH03JACmAAEbrSAqR","20120709","22:13:07","20","23.646400","90.039398"
"AAH03JACmAAEbrSAqR","20120714","11:08:46","27","23.646400","90.039398"
"AAH03JACmAAEbrSAqR","20120714","10:43:34","10","23.646400","90.039398"
"AAH03JACmAAEbrSAqR","20120714","22:09:27","16","23.646400","90.039398"
"AAH03JACmAAEbrSAqR","20120714","10:18:29","23","23.646400","90.039398"
"AAH03JACmAAEbrSAqR","20120714","11:07:37","53","23.646400","90.039398"
"AAH03JACmAAEbrSAqR","20120714","19:31:11","76","23.646400","90.039398"
"AAH03JACmAAEbrSAqR","20120714","19:33:06","8","23.646400","90.039398"
"AAH03JACmAAEbrSAqR","20120714","19:34:35","128","23.646400","90.039398"
"AAH03JACmAAEbrSAqR","20120716","17:48:25","168","23.646400","90.039398"
"AAH03JACmAAEbrSAqR","20120716","20:40:04","19","23.646400","90.039398"
"AAH03JACmAAEbrSAqR","20120715","18:08:04","57","23.646400","90.039398"
"AAH03JACmAAEbrSAqR","20120715","21:28:55","60","23.646400","90.039398"
"AAH03JACmAAEbrSAqR","20120715","12:51:31","170","23.646400","90.039398"
"AAH03JACmAAEbrSAqR","20120716","22:30:34","29","23.646400","90.039398"
"AAH03JACmAAEbrSAqR","20120716","22:39:08","6","23.646400","90.039398"
"AAH03JACmAAEbrSAqR","20120717","10:58:56","60","23.646400","90.039398"
"AAH03JACmAAEbrSAqR","20120717","13:53:47","228","23.646400","90.039398"
"AAH03JACmAAEbrSAqR","20120718","22:41:08","360","23.646400","90.039398"
"AAH03JACmAAEbrSAqR","20120718","12:13:58","30","23.646400","90.039398"
"AAH03JACmAAEbrSAqR","20120718","21:39:03","350","23.646400","90.039398"
"AAH03JACmAAEbrSAqR","20120718","10:12:43","60","23.646400","90.039398"
"AAH03JACmAAEbrSAqR","20120620","13:52:02","20","23.646400","90.039398"
"AAH03JACmAAEbrSAqR","20120620","20:10:37","48","23.646400","90.039398"
"AAH03JACmAAEbrSAqR","20120619","09:24:50","88","23.646400","90.039398"
"AAH03JACmAAEbrSAqR","20120619","16:12:42","99","23.646400","90.039398"
"AAH03JACmAAEbrSAqR","20120705","19:10:31","119","23.646400","90.039398"
"AAH03JACmAAEbrSAqR","20120705","17:18:59","283","23.646400","90.039398"
"AAH03JACmAAEbrSAqR","20120706","16:28:50","281","23.646400","90.039398"
"AAH03JACmAAEbrSAqR","20120706","21:37:20","14","23.646400","90.039398"
"AAH03JACmAAEbrSAqR","20120706","16:36:14","354","23.646400","90.039398"
"AAH03JACmAAEbrSAqR","20120705","21:25:43","24","23.646400","90.039398"
"AAH03JACmAAEbrSAqR","20120705","20:56:13","254","23.646400","90.039398"
"AAH03JACmAAEbrSAqR","20120702","00:41:24","19","23.646400","90.039398"
"AAH03JACmAAEbrSAqR","20120703","19:41:28","24","23.646400","90.039398"
"AAH03JACmAAEbrSAqR","20120630","16:04:32","80","23.646400","90.039398"
"AAH03JACmAAEbrSAqR","20120630","09:28:45","121","23.646400","90.039398"
"AAH03JACmAAEbrSAqR","20120630","09:58:22","35","23.646400","90.039398"
"AAH03JACmAAEbrSAqR","20120626","23:17:02","11","23.646400","90.039398"
"AAH03JACmAAEbrSAqR","20120628","16:29:14","477","23.646400","90.039398"
"AAH03JACmAAEbrSAqR","20120628","16:22:09","30","23.646400","90.039398"
"AAH03JACmAAEbrSAqR","20120627","08:55:44","83","23.646400","90.039398"
"AAH03JACmAAEbrSAqR","20120628","20:16:36","399","23.646400","90.039398"
"AAH03JACmAAEbrSAqR","20120628","16:26:38","92","23.646400","90.039398"
"AAH03JACmAAEbrSAqR","20120630","12:27:48","38","23.646400","90.039398"
"AAH03JACmAAEbrSAqR","20120630","12:25:43","61","23.646400","90.039398"
"AAH03JACmAAEbrSAqR","20120629","13:45:54","21","23.646400","90.039398"
"AAH03JACmAAEbrSAqR","20120628","07:58:10","5","23.646400","90.039398"
"AAH03JACmAAEbrSAqR","20120630","10:00:01","13","23.646400","90.039398"
"AAH03JACmAAEbrSAqR","20120630","17:27:30","60","23.646400","90.039398"
"AAH03JACmAAEbrSAqR","20120629","22:17:28","39","23.646400","90.039398"
"AAH03JACmAAEbrSAqR","20120630","12:33:03","43","23.646400","90.039398"
"AAH03JACmAAEbrSAqS","20120625","16:07:11","44","23.796101","90.402496"
"AAH03JACmAAEbrSAqS","20120625","18:07:35","72","23.918100","90.243301"
"AAH03JACmAAEbrSAqS","20120625","20:34:47","61","23.960600","90.274696"
"AAH03JACmAAEbrSAqS","20120624","17:57:53","47","23.892799","90.378304"
"AAH03JACmAAEbrSAqS","20120626","11:42:14","90","23.937799","90.271400"
"AAH03JACmAAEbrSAqS","20120626","11:41:40","14","23.937799","90.271400"
"AAH03JACmAAEbrSAqS","20120626","13:33:53","35","23.788300","90.431702"
"AAH03JACmAAEbrSAqS","20120630","18:17:46","13","23.960600","90.271103"
"AAH03JACmAAEbrSAqS","20120628","10:18:27","86","23.918100","90.243301"
"AAH03JACmAAEbrSAqS","20120628","08:09:20","45","23.949699","90.274399"
"AAH03JACmAAEbrSAqS","20120630","18:18:12","42","23.960600","90.274696"
"AAH03JACmAAEbrSAqS","20120630","17:42:39","54","23.949699","90.274399"
"AAH03JACmAAEbrSAqS","20120628","19:49:01","94","23.936399","90.284401"
"AAH03JACmAAEbrSAqS","20120627","09:04:40","39","23.949699","90.274399"
"AAH03JACmAAEbrSAqS","20120627","21:17:25","22","23.949699","90.274399"
"AAH03JACmAAEbrSAqS","20120626","16:37:57","31","23.788300","90.431702"
"AAH03JACmAAEbrSAqS","20120626","20:07:12","66","23.960600","90.271103"
"AAH03JACmAAEbrSAqS","20120630","13:44:39","45","23.937500","90.290802"
"AAH03JACmAAEbrSAqS","20120628","10:41:54","31","23.918100","90.243301"
"AAH03JACmAAEbrSAqS","20120627","20:58:32","21","23.949699","90.274399"
"AAH03JACmAAEbrSAqS","20120629","10:24:44","112","23.911699","90.319702"
"AAH03JACmAAEbrSAqS","20120629","10:21:35","146","23.919701","90.311096"
"AAH03JACmAAEbrSAqS","20120621","19:34:49","246","23.960600","90.274696"
"AAH03JACmAAEbrSAqS","20120621","17:55:59","82","23.960600","90.271103"
"AAH03JACmAAEbrSAqS","20120621","13:06:04","25","23.775801","90.392197"
"AAH03JACmAAEbrSAqS","20120621","13:00:50","27","23.778099","90.394997"
"AAH03JACmAAEbrSAqS","20120621","08:32:13","53","23.950800","90.271400"
"AAH03JACmAAEbrSAqS","20120620","20:10:20","244","23.960600","90.274696"
"AAH03JACmAAEbrSAqS","20120620","19:57:26","71","23.960600","90.271103"
"AAH03JACmAAEbrSAqS","20120620","12:06:27","69","23.762800","90.420601"
"AAH03JACmAAEbrSAqS","20120620","11:43:44","67","23.776100","90.426102"
"AAH03JACmAAEbrSAqS","20120620","09:48:13","153","23.936399","90.284401"
"AAH03JACmAAEbrSAqS","20120620","08:19:20","33","23.950800","90.271400"
"AAH03JACmAAEbrSAqS","20120619","15:30:05","35","23.911699","90.319702"
"AAH03JACmAAEbrSAqS","20120620","11:36:09","229","23.784201","90.425598"
"AAH03JACmAAEbrSAqS","20120619","09:00:31","240","23.942801","90.270798"
"AAH03JACmAAEbrSAqS","20120619","16:44:14","49","23.796101","90.402496"
"AAH03JACmAAEbrSAqS","20120625","11:03:50","2","23.953600","90.271400"
"AAH03JACmAAEbrSAqS","20120622","12:37:31","47","23.960600","90.271103"
"AAH03JACmAAEbrSAqS","20120623","20:55:50","67","23.937799","90.271400"
"AAH03JACmAAEbrSAqS","20120623","11:53:31","46","23.950800","90.271400"
"AAH03JACmAAEbrSAqS","20120623","12:09:12","38","23.949699","90.274399"
"AAH03JACmAAEbrSAqS","20120622","11:33:14","64","23.949699","90.274399"
"AAH03JACmAAEbrSAqS","20120623","13:24:17","27","23.949699","90.274399"
"AAH03JACmAAEbrSAqS","20120622","19:31:15","74","23.960600","90.274696"
"AAH03JACmAAEbrSAqS","20120623","11:31:36","21","23.953600","90.271400"
"AAH03JACmAAEbrSAqS","20120718","09:06:27","133","23.949699","90.274399"
"AAH03JACmAAEbrSAqS","20120718","15:33:06","97","23.948299","90.277496"
"AAH03JACmAAEbrSAqS","20120718","08:48:55","42","23.960600","90.271103"
"AAH03JACmAAEbrSAqS","20120718","16:48:02","27","23.918100","90.243301"
"AAH03JACmAAEbrSAqS","20120718","07:51:59","51","23.960600","90.271103"
"AAH03JACmAAEbrSAqS","20120717","19:52:23","117","23.791901","90.400299"
"AAH03JACmAAEbrSAqS","20120717","19:51:04","49","23.789400","90.399696"
"AAH03JACmAAEbrSAqS","20120718","15:56:15","66","23.927200","90.263100"
"AAH03JACmAAEbrSAqS","20120718","15:50:59","44","23.924700","90.263603"
"AAH03JACmAAEbrSAqS","20120718","19:33:31","22","23.960600","90.274696"
"AAH03JACmAAEbrSAqS","20120717","12:15:36","90","23.953600","90.271400"
"AAH03JACmAAEbrSAqS","20120717","12:23:05","54","23.950800","90.271400"
"AAH03JACmAAEbrSAqS","20120717","12:27:19","72","23.950800","90.271400"
"AAH03JACmAAEbrSAqS","20120716","19:39:59","543","23.960600","90.274696"
"AAH03JACmAAEbrSAqS","20120716","13:45:29","71","23.916100","90.314201"
"AAH03JACmAAEbrSAqS","20120715","09:14:42","115","23.950800","90.271400"
"AAH03JACmAAEbrSAqS","20120715","10:23:42","41","23.942499","90.278297"
"AAH03JACmAAEbrSAqS","20120715","22:44:43","48","23.892799","90.378304"
"AAH03JACmAAEbrSAqS","20120715","21:04:17","29","23.812000","90.413109"
"AAH03JACmAAEbrSAqS","20120707","12:27:22","79","23.942499","90.278297"
"AAH03JACmAAEbrSAqS","20120706","20:27:56","69","23.960600","90.271103"
"AAH03JACmAAEbrSAqS","20120703","20:31:55","33","23.960600","90.274696"
"AAH03JACmAAEbrSAqS","20120701","07:37:28","83","23.960600","90.274696"
"AAH03JACmAAEbrSAqS","20120707","16:52:22","42","23.918100","90.243301"
"AAH03JACmAAEbrSAqS","20120701","11:27:08","2","23.942499","90.278297"
"AAH03JACmAAEbrSAqS","20120701","15:11:38","61","23.950800","90.271400"
"AAH03JACmAAEbrSAqS","20120706","11:37:35","11","23.960600","90.274696"
"AAH03JACmAAEbrSAqS","20120705","15:41:16","71","23.868099","90.399399"
"AAH03JACmAAEbrSAqS","20120705","17:00:44","1","23.937500","90.290802"
"AAH03JACmAAEbrSAqS","20120705","11:51:43","35","23.948299","90.277496"
"AAH03JACmAAEbrSAqS","20120704","14:10:45","420","23.948299","90.277496"
"AAH03JACmAAEbrSAqS","20120706","19:18:43","45","23.960600","90.274696"
"AAH03JACmAAEbrSAqS","20120706","11:38:23","71","23.960600","90.274696"
"AAH03JACmAAEbrSAqS","20120713","21:10:35","105","23.978100","90.267502"
"AAH03JACmAAEbrSAqS","20120714","14:44:51","56","23.949699","90.274399"
"AAH03JACmAAEbrSAqS","20120714","20:43:06","90","23.937500","90.290802"
"AAH03JACmAAEbrSAqS","20120714","20:36:01","23","23.928101","90.308899"
"AAH03JACmAAEbrSAqS","20120714","20:40:48","116","23.936399","90.296097"
"AAH03JACmAAEbrSAqS","20120713","13:03:47","42","23.960600","90.274696"
"AAH03JACmAAEbrSAqS","20120713","18:13:13","10","23.960600","90.274696"
"AAH03JACmAAEbrSAqS","20120713","18:14:03","52","23.960600","90.274696"
"AAH03JACmAAEbrSAqS","20120708","22:44:57","182","23.960600","90.274696"
"AAH03JACmAAEbrSAqS","20120708","20:45:54","94","23.960600","90.274696"
"AAH03JACmAAEbrSAqS","20120709","15:16:50","360","23.918100","90.243301"
"AAH03JACmAAEbrSAqS","20120709","17:35:25","34","23.949699","90.274399"
"AAH03JACmAAEbrSAqS","20120709","18:51:37","37","23.936399","90.284401"
"AAH03JACmAAEbrSAqS","20120709","09:20:46","198","23.949699","90.274399"
"AAH03JACmAAEbrSAqS","20120710","10:46:49","32","23.942801","90.270798"
"AAH03JACmAAEbrSAqS","20120710","10:51:36","100","23.942801","90.270798"
"AAH03JACmAAEbrSAqS","20120711","12:41:41","60","23.949699","90.274399"
"AAH03JACmAAEbrSAqS","20120712","07:46:46","26","23.960600","90.274696"
"AAH03JACmAAEbrSAqS","20120712","13:56:32","18","23.942499","90.278297"
"AAH03JACmAAEbrSAqS","20120711","19:46:19","140","23.960600","90.271103"
"AAH03JACmAAEbrSAqS","20120711","19:41:49","42","23.960600","90.271103"
"AAH03JACmAAEbrSAqS","20120711","08:55:31","35","23.950800","90.271400"
"AAH03JACmAAEbrSAqS","20120711","18:29:51","25","23.913601","90.261703"
"AAH03JACmAAEbrSAqS","20120712","19:17:46","33","23.960600","90.271103"
"AAH03JACmAAEbrSAqS","20120712","18:56:13","79","23.937799","90.271400"
"AAH03JACmAAEbrSAqS","20120710","17:26:49","95","23.960600","90.271103"
"AAH03JACmAAEbrSAqS","20120710","18:50:06","20","23.960600","90.271103"
"AAH03JACmAAEbrSAqT","20120712","13:06:28","19","23.815300","90.368103"
"AAH03JACmAAEbrSAqT","20120712","21:27:36","39","23.814400","90.370796"
"AAH03JACmAAEbrSAqT","20120712","12:58:04","290","23.811899","90.368301"
"AAH03JACmAAEbrSAqT","20120713","22:33:47","25","23.815300","90.368103"
"AAH03JACmAAEbrSAqT","20120713","22:48:11","236","23.815300","90.368103"
"AAH03JACmAAEbrSAqT","20120713","22:44:48","13","23.815300","90.368103"
"AAH03JACmAAEbrSAqT","20120713","14:51:43","280","23.811899","90.368301"
"AAH03JACmAAEbrSAqT","20120713","18:10:25","36","23.815300","90.368103"
"AAH03JACmAAEbrSAqT","20120713","20:07:54","13","23.814400","90.370796"
"AAH03JACmAAEbrSAqT","20120713","18:12:11","14","23.815300","90.368103"
"AAH03JACmAAEbrSAqT","20120713","19:07:23","31","23.815300","90.368103"
"AAH03JACmAAEbrSAqT","20120714","20:45:15","70","23.814400","90.370796"
"AAH03JACmAAEbrSAqT","20120714","02:02:56","61","23.815300","90.368103"
"AAH03JACmAAEbrSAqT","20120714","16:19:53","37","23.811899","90.368301"
"AAH03JACmAAEbrSAqT","20120714","22:11:28","17","23.815300","90.368103"
"AAH03JACmAAEbrSAqT","20120714","03:27:58","17","23.815300","90.368103"
"AAH03JACmAAEbrSAqT","20120714","14:43:39","8","23.814400","90.370796"
"AAH03JACmAAEbrSAqT","20120709","00:14:38","12","23.815300","90.368103"
"AAH03JACmAAEbrSAqT","20120708","19:58:33","44","23.815300","90.368103"
"AAH03JACmAAEbrSAqT","20120708","20:47:08","284","23.815300","90.368103"
"AAH03JACmAAEbrSAqT","20120623","12:50:43","48","23.814400","90.370796"
"AAH03JACmAAEbrSAqT","20120623","18:33:44","238","23.814400","90.370796"
"AAH03JACmAAEbrSAqT","20120623","14:40:17","144","23.814400","90.370796"
"AAH03JACmAAEbrSAqT","20120622","22:32:13","16","23.814400","90.370796"
"AAH03JACmAAEbrSAqT","20120622","23:45:02","9","23.815300","90.368103"
"AAH03JACmAAEbrSAqT","20120623","09:28:15","180","23.814400","90.370796"
"AAH03JACmAAEbrSAqT","20120623","19:58:25","63","23.814400","90.370796"
"AAH03JACmAAEbrSAqT","20120624","01:13:30","6","23.815300","90.368103"
"AAH03JACmAAEbrSAqT","20120624","19:33:54","270","23.811899","90.368301"
"AAH03JACmAAEbrSAqT","20120630","15:27:35","267","23.814400","90.370796"
"AAH03JACmAAEbrSAqT","20120627","20:31:28","53","23.815300","90.368103"
"AAH03JACmAAEbrSAqT","20120630","19:07:48","17","23.814400","90.370796"
"AAH03JACmAAEbrSAqT","20120628","15:53:44","193","23.815300","90.368103"
"AAH03JACmAAEbrSAqT","20120629","01:04:09","12","23.814400","90.370796"
"AAH03JACmAAEbrSAqT","20120629","00:03:13","23","23.815300","90.368103"
"AAH03JACmAAEbrSAqT","20120629","11:45:28","490","23.811899","90.368301"
"AAH03JACmAAEbrSAqT","20120627","18:55:45","24","23.814400","90.370796"
"AAH03JACmAAEbrSAqT","20120627","20:28:25","44","23.814400","90.370796"
"AAH03JACmAAEbrSAqT","20120630","10:19:03","11","23.814400","90.370796"
"AAH03JACmAAEbrSAqT","20120620","08:46:04","13","23.814400","90.370796"
"AAH03JACmAAEbrSAqT","20120620","15:01:39","14","23.814400","90.370796"
"AAH03JACmAAEbrSAqT","20120620","20:06:35","200","23.814400","90.370796"
"AAH03JACmAAEbrSAqT","20120621","22:10:27","18","23.814400","90.370796"
"AAH03JACmAAEbrSAqT","20120620","23:59:13","17","23.815300","90.368103"
"AAH03JACmAAEbrSAqT","20120621","23:31:31","12","23.815300","90.368103"
"AAH03JACmAAEbrSAqT","20120621","18:39:21","8","23.811899","90.368301"
"AAH03JACmAAEbrSAqT","20120621","16:20:25","49","23.811899","90.368301"
"AAH03JACmAAEbrSAqT","20120621","16:22:50","7","23.811899","90.368301"
"AAH03JACmAAEbrSAqT","20120620","21:48:14","34","23.814400","90.370796"
"AAH03JACmAAEbrSAqT","20120619","23:33:19","25","23.815300","90.368103"
"AAH03JACmAAEbrSAqT","20120718","22:32:43","13","23.815300","90.368103"
"AAH03JACmAAEbrSAqT","20120715","23:00:20","18","23.814400","90.370796"
"AAH03JACmAAEbrSAqT","20120715","15:54:32","148","23.811899","90.368301"
"AAH03JACmAAEbrSAqT","20120715","21:40:12","16","23.815300","90.368103"
"AAH03JACmAAEbrSAqT","20120715","21:55:16","11","23.815300","90.368103"
"AAH03JACmAAEbrSAqT","20120715","15:57:17","151","23.811899","90.368301"
"AAH03JACmAAEbrSAqT","20120715","16:52:52","147","23.814400","90.370796"
"AAH03JACmAAEbrSAqT","20120716","01:31:34","12","23.814400","90.370796"
"AAH03JACmAAEbrSAqT","20120706","20:33:14","28","23.701700","90.429199"
"AAH03JACmAAEbrSAqT","20120706","15:29:44","29","23.701700","90.429199"
"AAH03JACmAAEbrSAqT","20120701","21:06:11","214","23.814400","90.370796"
"AAH03JACmAAEbrSAqT","20120701","21:15:42","20","23.814400","90.370796"
"AAH03JACmAAEbrSAqT","20120706","21:22:57","53","23.702499","90.423897"
"AAH03JACmAAEbrSAqT","20120706","21:21:46","34","23.698099","90.425301"
"AAH03JACmAAEbrSAqT","20120706","12:35:07","25","23.814400","90.370796"
"AAH03JACmAAEbrSAqT","20120705","11:46:49","74","23.814400","90.370796"
"AAH03JACmAAEbrSAqT","20120705","13:20:36","157","23.814400","90.370796"
"AAH03JACmAAEbrSAqT","20120707","23:04:59","26","23.815300","90.368103"
"AAH03JACmAAEbrSAqT","20120705","15:18:55","86","23.815300","90.368103"
"AAH03JACmAAEbrSAqT","20120706","12:09:15","15","23.814400","90.370796"
"AAH03JACmAAEbrSAqT","20120706","15:38:21","30","23.701700","90.429199"
"AAH03JACmAAEbrSAqT","20120707","23:52:08","7","23.815300","90.368103"
"AAH03JACmAAEbrSAqT","20120706","10:57:39","173","23.814400","90.370796"
"AAH03JACmAAEbrSAqT","20120702","19:52:25","10","23.815300","90.368103"
"AAH03JACmAAEbrSAqT","20120706","10:55:10","47","23.814400","90.370796"
"AAH03JACmAAEbrSAqU","20120624","14:18:43","150","23.871700","90.390099"
"AAH03JACmAAEbrSAqU","20120628","15:12:01","89","23.871700","90.390099"
"AAH03JACmAAEbrSAqU","20120630","18:55:44","83","23.871700","90.390099"
"AAH03JACmAAEbrSAqU","20120630","20:26:49","96","23.871700","90.390099"
"AAH03JACmAAEbrSAqU","20120630","20:58:24","29","23.871700","90.390099"
"AAH03JACmAAEbrSAqU","20120704","12:28:21","172","23.871700","90.390099"
"AAH03JACmAAEbrSAqU","20120707","12:29:39","157","23.871700","90.390099"
"AAH03JACmAAEbrSAqU","20120706","14:15:21","191","23.871700","90.390099"
"AAH03JACmAAEbrSAqU","20120705","22:55:21","94","23.700001","90.424202"
"AAH03JACmAAEbrSAqU","20120707","07:02:45","84","23.871700","90.390099"
"AAH03JACmAAEbrSAqU","20120704","14:32:42","68","23.871700","90.390099"
"AAH03JACmAAEbrSAqU","20120702","11:55:44","460","23.871700","90.390099"
"AAH03JACmAAEbrSAqU","20120621","14:07:21","276","23.871700","90.390099"
"AAH03JACmAAEbrSAqU","20120619","10:04:31","409","23.871700","90.390099"
"AAH03JACmAAEbrSAqU","20120621","14:05:59","39","23.871700","90.390099"
"AAH03JACmAAEbrSAqU","20120621","14:01:55","141","23.871700","90.390099"
"AAH03JACmAAEbrSAqU","20120620","13:28:27","114","23.871700","90.390099"
"AAH03JACmAAEbrSAqU","20120619","21:28:13","93","23.871700","90.390099"
"AAH03JACmAAEbrSAqU","20120619","09:23:53","42","23.871700","90.390099"
"AAH03JACmAAEbrSAqU","20120623","11:51:46","61","23.871700","90.390099"
"AAH03JACmAAEbrSAqU","20120708","09:41:58","23","23.777201","90.397499"
"AAH03JACmAAEbrSAqU","20120708","13:12:19","73","23.937799","90.271400"
"AAH03JACmAAEbrSAqU","20120708","09:25:13","54","23.779200","90.399399"
"AAH03JACmAAEbrSAqU","20120708","09:56:49","14","23.770800","90.400002"
"AAH03JACmAAEbrSAqU","20120708","11:32:08","40","23.872801","90.401703"
"AAH03JACmAAEbrSAqU","20120708","11:33:43","33","23.872801","90.401703"
"AAH03JACmAAEbrSAqU","20120708","07:34:16","66","23.871700","90.390099"
"AAH03JACmAAEbrSAqU","20120708","09:29:32","68","23.779200","90.399399"
"AAH03JACmAAEbrSAqU","20120708","09:24:00","51","23.779200","90.399399"
"AAH03JACmAAEbrSAqV","20120712","20:13:37","14","23.807800","90.355797"
"AAH03JACmAAEbrSAqV","20120712","20:20:12","180","23.807800","90.355797"
"AAH03JACmAAEbrSAqV","20120711","08:08:03","577","23.806400","90.360603"
"AAH03JACmAAEbrSAqV","20120711","20:01:30","18","23.807800","90.355797"
"AAH03JACmAAEbrSAqV","20120712","08:09:58","24","23.806400","90.360603"
"AAH03JACmAAEbrSAqV","20120712","08:06:41","32","23.806400","90.360603"
"AAH03JACmAAEbrSAqV","20120712","15:19:21","16","23.807800","90.355797"
"AAH03JACmAAEbrSAqV","20120712","10:32:26","25","23.807800","90.355797"
"AAH03JACmAAEbrSAqV","20120629","10:16:06","401","23.791700","90.351898"
"AAH03JACmAAEbrSAqV","20120628","13:44:28","34","23.791700","90.351898"
"AAH03JACmAAEbrSAqV","20120628","13:57:50","53","23.791700","90.351898"
"AAH03JACmAAEbrSAqV","20120628","06:54:07","525","23.807800","90.355797"
"AAH03JACmAAEbrSAqV","20120629","10:14:34","52","23.791700","90.351898"
"AAH03JACmAAEbrSAqV","20120622","19:06:58","42","23.807800","90.355797"
"AAH03JACmAAEbrSAqV","20120622","22:26:37","540","23.807800","90.355797"
"AAH03JACmAAEbrSAqV","20120621","15:34:32","53","23.791401","90.367500"
"AAH03JACmAAEbrSAqV","20120621","07:18:53","60","23.807800","90.355797"
"AAH03JACmAAEbrSAqV","20120620","19:47:50","435","23.807800","90.355797"
"AAH03JACmAAEbrSAqV","20120619","07:19:32","60","23.807800","90.355797"
"AAH03JACmAAEbrSAqV","20120619","21:58:48","1260","23.807800","90.355797"
"AAH03JACmAAEbrSAqV","20120619","06:51:43","18","23.807800","90.355797"
"AAH03JACmAAEbrSAqV","20120716","21:36:27","63","23.807800","90.355797"
"AAH03JACmAAEbrSAqV","20120716","21:47:20","20","23.807800","90.355797"
"AAH03JACmAAEbrSAqV","20120716","21:39:57","22","23.807800","90.355797"
"AAH03JACmAAEbrSAqV","20120716","21:50:42","137","23.807800","90.355797"
"AAH03JACmAAEbrSAqV","20120717","16:23:06","66","23.791401","90.367500"
"AAH03JACmAAEbrSAqV","20120718","11:42:17","240","23.791401","90.367500"
"AAH03JACmAAEbrSAqV","20120715","20:48:59","26","23.807800","90.355797"
"AAH03JACmAAEbrSAqV","20120715","20:51:03","288","23.807800","90.355797"
"AAH03JACmAAEbrSAqX","20120718","12:18:20","968","23.837799","90.250298"
"AAH03JACmAAEbrSAqX","20120718","15:30:37","25","23.847799","90.243896"
"AAH03JACmAAEbrSAqX","20120718","09:58:22","30","23.844400","90.249702"
"AAH03JACmAAEbrSAqX","20120718","15:27:58","33","23.847799","90.243896"
"AAH03JACmAAEbrSAqX","20120718","15:26:57","29","23.847799","90.243896"
"AAH03JACmAAEbrSAqX","20120718","14:11:53","1","23.847799","90.243896"
"AAH03JACmAAEbrSAqX","20120718","09:09:45","141","23.844400","90.249702"
"AAH03JACmAAEbrSAqX","20120718","09:49:57","56","23.844400","90.249702"
"AAH03JACmAAEbrSAqX","20120718","14:10:56","1","23.847799","90.243896"
"AAH03JACmAAEbrSAqX","20120717","21:00:51","683","23.847799","90.243896"
"AAH03JACmAAEbrSAqX","20120718","14:15:37","2","23.847799","90.243896"
"AAH03JACmAAEbrSAqX","20120718","15:26:26","20","23.847799","90.243896"
"AAH03JACmAAEbrSAqX","20120718","14:16:47","2","23.847799","90.243896"
"AAH03JACmAAEbrSAqX","20120702","08:14:23","60","23.847799","90.243896"
"AAH03JACmAAEbrSAqX","20120703","21:17:47","480","23.847799","90.243896"
"AAH03JACmAAEbrSAqX","20120701","22:29:53","19","23.847799","90.243896"
"AAH03JACmAAEbrSAqX","20120704","20:20:51","18","23.847799","90.243896"
"AAH03JACmAAEbrSAqX","20120702","07:58:08","748","23.847799","90.243896"
"AAH03JACmAAEbrSAqX","20120701","22:17:42","9","23.847799","90.243896"
"AAH03JACmAAEbrSAqX","20120703","21:14:18","23","23.847799","90.243896"
"AAH03JACmAAEbrSAqX","20120704","20:21:25","126","23.837799","90.250298"
"AAH03JACmAAEbrSAqX","20120704","20:14:31","363","23.847799","90.243896"
"AAH03JACmAAEbrSAqX","20120704","17:18:47","31","23.847799","90.243896"
"AAH03JACmAAEbrSAqX","20120702","03:20:58","133","23.847799","90.243896"
"AAH03JACmAAEbrSAqX","20120705","11:43:31","45","23.847799","90.243896"
"AAH03JACmAAEbrSAqX","20120705","04:16:48","16","23.847799","90.243896"
"AAH03JACmAAEbrSAqX","20120706","09:21:26","60","23.847799","90.243896"
"AAH03JACmAAEbrSAqX","20120704","14:17:15","466","23.847799","90.243896"
"AAH03JACmAAEbrSAqX","20120704","19:53:35","34","23.847799","90.243896"
"AAH03JACmAAEbrSAqX","20120621","19:49:21","89","23.847799","90.243896"
"AAH03JACmAAEbrSAqX","20120621","19:51:05","201","23.847799","90.243896"
"AAH03JACmAAEbrSAqX","20120621","13:26:10","20","23.847799","90.243896"
"AAH03JACmAAEbrSAqX","20120621","13:27:56","136","23.847799","90.243896"
"AAH03JACmAAEbrSAqX","20120621","14:11:41","211","23.847799","90.243896"
"AAH03JACmAAEbrSAqX","20120623","07:21:32","12","23.847799","90.243896"
"AAH03JACmAAEbrSAqX","20120622","21:13:32","30","23.847799","90.243896"
"AAH03JACmAAEbrSAqX","20120622","21:12:22","37","23.847799","90.243896"
"AAH03JACmAAEbrSAqX","20120622","21:20:53","23","23.847799","90.243896"
"AAH03JACmAAEbrSAqX","20120627","22:10:04","20","23.847799","90.243896"
"AAH03JACmAAEbrSAqX","20120628","19:15:34","1260","23.847799","90.243896"
"AAH03JACmAAEbrSAqX","20120628","13:53:21","8","23.847799","90.243896"
"AAH03JACmAAEbrSAqX","20120628","14:28:27","156","23.847799","90.243896"
"AAH03JACmAAEbrSAqX","20120629","20:28:20","149","23.847799","90.243896"
"AAH03JACmAAEbrSAqX","20120628","09:54:04","86","23.844400","90.249702"
"AAH03JACmAAEbrSAqX","20120628","14:51:15","115","23.847799","90.243896"
"AAH03JACmAAEbrSAqX","20120628","14:34:45","118","23.844400","90.249702"
"AAH03JACmAAEbrSAqX","20120627","18:58:26","536","23.844400","90.249702"
"AAH03JACmAAEbrSAqX","20120627","19:57:11","102","23.837799","90.250298"
"AAH03JACmAAEbrSAqX","20120629","20:11:56","939","23.847799","90.243896"
"AAH03JACmAAEbrSAqX","20120628","18:57:22","300","23.847799","90.243896"
"AAH03JACmAAEbrSAqX","20120628","13:54:29","11","23.844400","90.249702"
"AAH03JACmAAEbrSAqX","20120628","14:00:48","35","23.847799","90.243896"
"AAH03JACmAAEbrSAqX","20120630","13:23:05","153","23.847799","90.243896"
"AAH03JACmAAEbrSAqX","20120630","13:31:29","785","23.847799","90.243896"
"AAH03JACmAAEbrSAqX","20120630","13:45:12","180","23.847799","90.243896"
"AAH03JACmAAEbrSAqY","20120629","10:46:41","10","23.697201","90.403297"
"AAH03JACmAAEbrSAqY","20120629","11:57:54","24","23.693100","90.399399"
"AAH03JACmAAEbrSAqY","20120624","13:19:15","266","23.697201","90.403297"
"AAH03JACmAAEbrSAqY","20120624","15:42:26","60","23.697201","90.403297"
"AAH03JACmAAEbrSAqY","20120628","10:01:16","52","23.697201","90.403297"
"AAH03JACmAAEbrSAqY","20120717","19:52:34","80","23.702007","90.407364"
"AAH03JACmAAEbrSAqY","20120711","13:00:00","94","23.702007","90.407364"
"AAH03JACmAAEbrSAqY","20120711","12:15:45","13","23.699699","90.406700"
"AAH03JACmAAEbrSAqY","20120711","18:42:52","39","23.703800","90.414200"
"AAH03JACmAAEbrSAqY","20120711","10:43:09","8","23.699699","90.406700"
"AAH03JACmAAEbrSAqY","20120713","09:00:08","64","23.693100","90.399399"
"AAH03JACmAAEbrSAqY","20120711","12:00:22","20","23.702801","90.406097"
"AAH03JACmAAEbrSAqY","20120711","10:48:25","13","23.699699","90.406700"
"AAH03JACmAAEbrSAqY","20120709","13:28:06","25","23.702007","90.407364"
"AAH03JACmAAEbrSAqY","20120710","13:37:00","58","23.702007","90.407364"
"AAH03JACmAAEbrSAqY","20120710","21:36:44","93","23.702007","90.407364"
"AAH03JACmAAEbrSAqY","20120710","19:21:24","18","23.699699","90.406700"
"AAH03JACmAAEbrSAqY","20120710","19:13:10","14","23.702007","90.407364"
"AAH03JACmAAEbrSAqY","20120714","14:14:31","15","23.702007","90.407364"
"AAH03JACmAAEbrSAqY","20120702","01:13:51","74","23.693100","90.399399"
"AAH03JACmAAEbrSAqY","20120702","19:46:30","42","23.702007","90.407364"
"AAH03JACmAAEbrSAqY","20120706","11:05:35","197","23.697201","90.403297"
"AAH03JACmAAEbrSAqY","20120702","15:06:17","44","23.702007","90.407364"
"AAH03JACmAAEbrSAqY","20120702","16:44:33","150","23.697201","90.403297"
"AAH03JACmAAEbrSAqY","20120623","10:15:35","19","23.697201","90.403297"
"AAH03JACmAAEbrSAqY","20120622","16:06:04","56","23.697201","90.403297"
"AAH03JACmAAEbrSAqY","20120623","20:30:57","322","23.702801","90.406097"
"AAH03JACmAAEbrSAqZ","20120623","09:14:58","121","23.956699","90.276398"
"AAH03JACmAAEbrSAqZ","20120623","13:19:46","38","23.956699","90.276398"
"AAH03JACmAAEbrSAqZ","20120623","21:52:16","225","23.956699","90.276398"
"AAH03JACmAAEbrSAqZ","20120623","13:15:15","108","23.956699","90.276398"
"AAH03JACmAAEbrSAqZ","20120622","16:56:12","370","23.956699","90.276398"
"AAH03JACmAAEbrSAqZ","20120622","17:24:17","11","23.956699","90.276398"
"AAH03JACmAAEbrSAqZ","20120622","21:09:34","145","23.953600","90.271400"
"AAH03JACmAAEbrSAqZ","20120622","16:54:17","58","23.956699","90.276398"
"AAH03JACmAAEbrSAqZ","20120623","08:27:35","160","23.956699","90.276398"
"AAH03JACmAAEbrSAqZ","20120619","12:51:23","234","23.968300","90.295799"
"AAH03JACmAAEbrSAqZ","20120621","09:38:23","131","23.960600","90.274696"
"AAH03JACmAAEbrSAqZ","20120621","18:39:54","79","23.968300","90.295799"
"AAH03JACmAAEbrSAqZ","20120620","18:17:43","117","23.968300","90.295799"
"AAH03JACmAAEbrSAqZ","20120619","09:33:46","44","23.960600","90.274696"
"AAH03JACmAAEbrSAqZ","20120619","20:26:01","175","23.960600","90.274696"
"AAH03JACmAAEbrSAqZ","20120621","19:42:17","102","23.953600","90.271400"
"AAH03JACmAAEbrSAqZ","20120621","21:49:53","94","23.956699","90.276398"
"AAH03JACmAAEbrSAqZ","20120620","20:44:27","62","23.956699","90.276398"
"AAH03JACmAAEbrSAqZ","20120630","22:11:46","102","23.956699","90.276398"
"AAH03JACmAAEbrSAqZ","20120628","20:54:03","416","23.956699","90.276398"
"AAH03JACmAAEbrSAqZ","20120630","09:33:32","10","23.960600","90.274696"
"AAH03JACmAAEbrSAqZ","20120630","09:28:38","25","23.968300","90.295799"
"AAH03JACmAAEbrSAqZ","20120630","22:32:36","167","23.956699","90.276398"
"AAH03JACmAAEbrSAqZ","20120629","21:28:50","481","23.953600","90.271400"
"AAH03JACmAAEbrSAqZ","20120628","22:40:04","58","23.956699","90.276398"
"AAH03JACmAAEbrSAqZ","20120628","21:33:07","271","23.956699","90.276398"
"AAH03JACmAAEbrSAqZ","20120629","21:11:04","36","23.956699","90.276398"
"AAH03JACmAAEbrSAqZ","20120627","19:41:41","492","23.956699","90.276398"
"AAH03JACmAAEbrSAqZ","20120626","21:25:07","31","23.956699","90.276398"
"AAH03JACmAAEbrSAqZ","20120627","19:55:45","534","23.956699","90.276398"
"AAH03JACmAAEbrSAqZ","20120627","20:16:36","240","23.956699","90.276398"
"AAH03JACmAAEbrSAqZ","20120626","22:56:43","356","23.956699","90.276398"
"AAH03JACmAAEbrSAqZ","20120630","20:52:52","356","23.953600","90.271400"
"AAH03JACmAAEbrSAqZ","20120630","20:51:09","14","23.956699","90.276398"
"AAH03JACmAAEbrSAqZ","20120630","09:30:30","12","23.968300","90.295799"
"AAH03JACmAAEbrSAqZ","20120626","20:31:40","170","23.956699","90.276398"
"AAH03JACmAAEbrSAqZ","20120630","09:34:14","8","23.960600","90.271103"
"AAH03JACmAAEbrSAqZ","20120629","21:22:17","325","23.956699","90.276398"
"AAH03JACmAAEbrSAqZ","20120628","22:42:28","364","23.956699","90.276398"
"AAH03JACmAAEbrSAqZ","20120626","09:49:20","241","23.978100","90.267502"
"AAH03JACmAAEbrSAqZ","20120625","09:29:14","32","23.960600","90.271103"
"AAH03JACmAAEbrSAqZ","20120624","07:56:26","300","23.956699","90.276398"
"AAH03JACmAAEbrSAqZ","20120624","20:28:51","94","23.956699","90.276398"
"AAH03JACmAAEbrSAqZ","20120624","21:17:37","160","23.956699","90.276398"
"AAH03JACmAAEbrSAqZ","20120625","18:01:38","87","23.978100","90.267502"
"AAH03JACmAAEbrSAqZ","20120625","07:49:43","423","23.956699","90.276398"
"AAH03JACmAAEbrSAqZ","20120624","07:55:35","11","23.956699","90.276398"
"AAH03JACmAAEbrSAqZ","20120701","09:48:26","7","23.956699","90.276398"
"AAH03JACmAAEbrSAqa","20120619","13:39:17","334","23.793100","90.260300"
"AAH03JACmAAEbrSAqa","20120619","07:19:43","16","23.793100","90.260300"
"AAH03JACmAAEbrSAqa","20120620","22:33:05","120","23.793100","90.260300"
"AAH03JACmAAEbrSAqa","20120620","22:25:18","423","23.793100","90.260300"
"AAH03JACmAAEbrSAqa","20120619","15:06:36","74","23.793100","90.260300"
"AAH03JACmAAEbrSAqa","20120619","19:22:06","30","23.793100","90.260300"
"AAH03JACmAAEbrSAqa","20120620","07:26:58","102","23.793100","90.260300"
"AAH03JACmAAEbrSAqa","20120619","12:42:46","249","23.793100","90.260300"
"AAH03JACmAAEbrSAqa","20120709","20:49:28","28","23.793100","90.260300"
"AAH03JACmAAEbrSAqa","20120709","20:52:13","45","23.793100","90.260300"
"AAH03JACmAAEbrSAqa","20120709","20:42:05","60","23.793100","90.260300"
"AAH03JACmAAEbrSAqa","20120709","21:24:52","28","23.793100","90.260300"
"AAH03JACmAAEbrSAqa","20120708","21:16:06","281","23.793100","90.260300"
"AAH03JACmAAEbrSAqa","20120714","16:26:09","22","23.793100","90.260300"
"AAH03JACmAAEbrSAqa","20120714","20:49:45","282","23.793100","90.260300"
"AAH03JACmAAEbrSAqa","20120711","13:02:06","16","23.795799","90.269203"
"AAH03JACmAAEbrSAqa","20120711","22:07:34","512","23.793100","90.260300"
"AAH03JACmAAEbrSAqa","20120712","17:02:57","275","23.793100","90.260300"
"AAH03JACmAAEbrSAqa","20120710","20:26:48","19","23.793100","90.260300"
"AAH03JACmAAEbrSAqa","20120710","20:34:29","16","23.793100","90.260300"
"AAH03JACmAAEbrSAqa","20120710","13:54:46","334","23.793100","90.260300"
"AAH03JACmAAEbrSAqa","20120710","14:03:12","13","23.793100","90.260300"
"AAH03JACmAAEbrSAqa","20120710","17:43:21","12","23.793100","90.260300"
"AAH03JACmAAEbrSAqa","20120710","22:29:12","154","23.793100","90.260300"
"AAH03JACmAAEbrSAqa","20120716","21:30:27","750","23.793100","90.260300"
"AAH03JACmAAEbrSAqa","20120716","22:28:19","130","23.793100","90.260300"
"AAH03JACmAAEbrSAqa","20120715","15:01:10","57","23.793100","90.260300"
"AAH03JACmAAEbrSAqa","20120715","21:11:01","183","23.793100","90.260300"
"AAH03JACmAAEbrSAqa","20120715","21:48:33","263","23.793100","90.260300"
"AAH03JACmAAEbrSAqa","20120717","20:46:13","855","23.793100","90.260300"
"AAH03JACmAAEbrSAqa","20120717","20:45:09","49","23.793100","90.260300"
"AAH03JACmAAEbrSAqa","20120628","06:45:49","329","23.793100","90.260300"
"AAH03JACmAAEbrSAqa","20120629","11:36:48","45","23.793100","90.260300"
"AAH03JACmAAEbrSAqa","20120629","01:22:09","26","23.793100","90.260300"
"AAH03JACmAAEbrSAqa","20120630","06:42:18","226","23.793100","90.260300"
"AAH03JACmAAEbrSAqa","20120625","06:42:52","334","23.793100","90.260300"
"AAH03JACmAAEbrSAqa","20120624","19:06:43","218","23.793100","90.260300"
"AAH03JACmAAEbrSAqa","20120625","21:16:20","35","23.793100","90.260300"
"AAH03JACmAAEbrSAqa","20120625","20:50:34","27","23.793100","90.260300"
"AAH03JACmAAEbrSAqa","20120624","18:55:31","492","23.793100","90.260300"
"AAH03JACmAAEbrSAqa","20120625","22:51:55","25","23.793100","90.260300"
"AAH03JACmAAEbrSAqa","20120625","21:37:09","730","23.811701","90.254700"
"AAH03JACmAAEbrSAqa","20120624","19:31:19","10","23.793100","90.260300"
"AAH03JACmAAEbrSAqa","20120626","07:02:51","824","23.793100","90.260300"
"AAH03JACmAAEbrSAqa","20120707","21:44:38","164","23.793100","90.260300"
"AAH03JACmAAEbrSAqa","20120707","21:33:07","556","23.793100","90.260300"
"AAH03JACmAAEbrSAqa","20120706","20:36:56","637","23.793100","90.260300"
"AAH03JACmAAEbrSAqa","20120706","07:52:40","546","23.793100","90.260300"
"AAH03JACmAAEbrSAqa","20120705","21:42:24","251","23.793100","90.260300"
"AAH03JACmAAEbrSAqa","20120706","20:58:39","561","23.793100","90.260300"
"AAH03JACmAAEbrSAqa","20120706","08:08:59","1847","23.793100","90.260300"
"AAH03JACmAAEbrSAqa","20120706","12:42:29","35","23.793100","90.260300"
"AAH03JACmAAEbrSAqa","20120706","12:59:36","28","23.793100","90.260300"
"AAH03JACmAAEbrSAqa","20120706","08:06:10","64","23.793100","90.260300"
"AAH03JACmAAEbrSAqb","20120702","16:36:34","31","23.738300","90.364403"
"AAH03JACmAAEbrSAqb","20120702","09:53:36","240","23.740601","90.361397"
"AAH03JACmAAEbrSAqb","20120701","17:05:17","12","23.773300","90.356697"
"AAH03JACmAAEbrSAqb","20120705","19:35:14","91","23.773300","90.356697"
"AAH03JACmAAEbrSAqb","20120703","20:42:55","206","23.773300","90.356697"
"AAH03JACmAAEbrSAqb","20120702","11:41:19","286","23.740601","90.361397"
"AAH03JACmAAEbrSAqb","20120702","09:31:54","195","23.768299","90.358101"
"AAH03JACmAAEbrSAqb","20120702","09:36:37","140","23.761400","90.359703"
"AAH03JACmAAEbrSAqb","20120704","11:16:11","469","23.738300","90.364403"
"AAH03JACmAAEbrSAqb","20120707","13:01:02","26","23.740299","90.364998"
"AAH03JACmAAEbrSAqb","20120701","18:47:01","8","23.773300","90.356697"
"AAH03JACmAAEbrSAqb","20120707","14:55:55","50","23.738300","90.364403"
"AAH03JACmAAEbrSAqb","20120703","19:10:35","30","23.773300","90.356697"
"AAH03JACmAAEbrSAqb","20120704","11:24:40","143","23.738300","90.364403"
"AAH03JACmAAEbrSAqb","20120705","21:37:21","80","23.773300","90.356697"
"AAH03JACmAAEbrSAqb","20120707","15:00:50","181","23.738300","90.364403"
"AAH03JACmAAEbrSAqb","20120705","16:19:25","127","23.738300","90.364403"
"AAH03JACmAAEbrSAqb","20120705","17:55:22","27","23.766184","90.358170"
"AAH03JACmAAEbrSAqb","20120707","13:01:41","276","23.740299","90.364998"
"AAH03JACmAAEbrSAqb","20120707","13:06:56","17","23.740299","90.364998"
"AAH03JACmAAEbrSAqb","20120714","13:13:31","427","23.738300","90.364403"
"AAH03JACmAAEbrSAqb","20120712","11:47:09","104","23.738600","90.369698"
"AAH03JACmAAEbrSAqb","20120712","14:21:15","12","23.738300","90.364403"
"AAH03JACmAAEbrSAqb","20120712","14:30:47","60","23.738300","90.364403"
"AAH03JACmAAEbrSAqb","20120710","13:07:15","60","23.738300","90.364403"
"AAH03JACmAAEbrSAqb","20120711","10:41:08","29","23.740299","90.364998"
"AAH03JACmAAEbrSAqb","20120711","10:43:27","135","23.740299","90.364998"
"AAH03JACmAAEbrSAqb","20120711","11:37:54","202","23.740299","90.364998"
"AAH03JACmAAEbrSAqb","20120711","11:37:25","7","23.740299","90.364998"
"AAH03JACmAAEbrSAqb","20120711","18:00:26","49","23.773300","90.356697"
"AAH03JACmAAEbrSAqb","20120711","11:00:01","197","23.740299","90.364998"
"AAH03JACmAAEbrSAqb","20120709","10:57:50","263","23.735600","90.364700"
"AAH03JACmAAEbrSAqb","20120709","17:37:45","162","23.773300","90.356697"
"AAH03JACmAAEbrSAqb","20120709","17:54:03","72","23.773300","90.356697"
"AAH03JACmAAEbrSAqb","20120709","12:27:09","29","23.735600","90.364700"
"AAH03JACmAAEbrSAqb","20120709","11:21:14","87","23.735600","90.364700"
"AAH03JACmAAEbrSAqb","20120709","11:06:35","216","23.735600","90.364700"
"AAH03JACmAAEbrSAqb","20120623","11:22:54","32","23.740299","90.364998"
"AAH03JACmAAEbrSAqb","20120623","13:20:46","199","23.738300","90.364403"
"AAH03JACmAAEbrSAqb","20120623","09:54:08","148","23.768299","90.358101"
"AAH03JACmAAEbrSAqb","20120623","09:39:09","16","23.773300","90.356697"
"AAH03JACmAAEbrSAqb","20120621","11:19:32","433","23.740601","90.361397"
"AAH03JACmAAEbrSAqb","20120621","11:59:21","21","23.740601","90.361397"
"AAH03JACmAAEbrSAqb","20120621","16:01:04","46","23.738300","90.364403"
"AAH03JACmAAEbrSAqb","20120620","09:32:58","44","23.773300","90.356697"
"AAH03JACmAAEbrSAqb","20120619","07:41:20","18","23.772200","90.361603"
"AAH03JACmAAEbrSAqb","20120625","18:32:14","34","23.773300","90.356697"
"AAH03JACmAAEbrSAqb","20120625","09:34:37","29","23.772200","90.361603"
"AAH03JACmAAEbrSAqb","20120625","13:15:03","40","23.740299","90.364998"
"AAH03JACmAAEbrSAqb","20120624","14:59:33","11","23.738300","90.364403"
"AAH03JACmAAEbrSAqb","20120624","17:21:49","26","23.742201","90.372200"
"AAH03JACmAAEbrSAqb","20120625","11:59:46","300","23.740299","90.364998"
"AAH03JACmAAEbrSAqb","20120624","13:33:27","57","23.740601","90.361397"
"AAH03JACmAAEbrSAqb","20120626","12:16:11","24","23.738300","90.364403"
"AAH03JACmAAEbrSAqb","20120630","18:34:14","98","23.773300","90.356697"
"AAH03JACmAAEbrSAqb","20120630","19:53:11","115","23.773300","90.356697"
"AAH03JACmAAEbrSAqb","20120628","12:46:30","91","23.740299","90.364998"
"AAH03JACmAAEbrSAqb","20120626","10:15:08","107","23.738300","90.364403"
"AAH03JACmAAEbrSAqb","20120626","17:47:21","23","23.773300","90.356697"
"AAH03JACmAAEbrSAqb","20120630","19:48:53","35","23.773300","90.356697"
"AAH03JACmAAEbrSAqb","20120630","18:36:08","17","23.773300","90.356697"
"AAH03JACmAAEbrSAqb","20120619","15:16:27","125","23.738300","90.364403"
"AAH03JACmAAEbrSAqb","20120619","09:22:07","14","23.773300","90.356697"
"AAH03JACmAAEbrSAqb","20120620","08:28:14","12","23.773300","90.356697"
"AAH03JACmAAEbrSAqb","20120619","15:30:15","25","23.738300","90.364403"
"AAH03JACmAAEbrSAqb","20120619","07:16:10","41","23.772200","90.361603"
"AAH03JACmAAEbrSAqb","20120717","14:52:53","66","23.738300","90.364403"
"AAH03JACmAAEbrSAqb","20120716","17:31:08","1","23.773300","90.356697"
"AAH03JACmAAEbrSAqb","20120716","18:03:53","18","23.773300","90.356697"
"AAH03JACmAAEbrSAqb","20120716","18:23:06","27","23.773300","90.356697"
"AAH03JACmAAEbrSAqb","20120716","17:40:54","120","23.773300","90.356697"
"AAH03JACmAAEbrSAqb","20120716","18:04:37","141","23.773300","90.356697"
"AAH03JACmAAEbrSAqb","20120716","12:00:25","127","23.735600","90.364700"
"AAH03JACmAAEbrSAqb","20120716","17:20:47","348","23.773300","90.356697"
"AAH03JACmAAEbrSAqb","20120716","18:25:54","574","23.773300","90.356697"
"AAH03JACmAAEbrSAqb","20120717","22:20:58","51","23.751900","90.384697"
"AAH03JACmAAEbrSAqb","20120717","22:18:40","27","23.751900","90.384697"
"AAH03JACmAAEbrSAqc","20120717","06:58:53","81","23.595600","90.157501"
"AAH03JACmAAEbrSAqc","20120715","10:55:34","80","23.595600","90.157501"
"AAH03JACmAAEbrSAqc","20120703","11:04:56","144","23.595600","90.157501"
"AAH03JACmAAEbrSAqc","20120706","05:50:08","42","23.595600","90.157501"
"AAH03JACmAAEbrSAqc","20120705","07:25:52","21","23.595600","90.157501"
"AAH03JACmAAEbrSAqc","20120705","09:11:09","4","23.595600","90.157501"
"AAH03JACmAAEbrSAqc","20120706","08:35:14","101","23.619200","90.113899"
"AAH03JACmAAEbrSAqc","20120707","20:56:38","644","23.595600","90.157501"
"AAH03JACmAAEbrSAqc","20120702","23:11:53","9","23.595600","90.157501"
"AAH03JACmAAEbrSAqc","20120703","17:26:48","97","23.595600","90.157501"
"AAH03JACmAAEbrSAqc","20120706","08:37:35","67","23.619200","90.113899"
"AAH03JACmAAEbrSAqc","20120621","09:17:45","166","23.595600","90.157501"
"AAH03JACmAAEbrSAqc","20120620","14:45:12","11","23.595600","90.157501"
"AAH03JACmAAEbrSAqc","20120620","06:19:22","26","23.595600","90.157501"
"AAH03JACmAAEbrSAqc","20120629","16:45:59","28","23.595600","90.157501"
"AAH03JACmAAEbrSAqc","20120629","22:31:16","76","23.597500","90.134697"
"AAH03JACmAAEbrSAqd","20120625","18:29:23","62","23.726700","90.425301"
"AAH03JACmAAEbrSAqd","20120625","18:55:35","42","23.723900","90.424202"
"AAH03JACmAAEbrSAqd","20120619","09:20:14","460","23.753901","90.432503"
"AAH03JACmAAEbrSAqd","20120621","10:20:23","12","23.753901","90.432503"
"AAH03JACmAAEbrSAqd","20120622","18:45:33","238","23.726700","90.425301"
"AAH03JACmAAEbrSAqd","20120622","18:34:29","51","23.726700","90.425301"
"AAH03JACmAAEbrSAqd","20120622","22:16:45","35","23.723900","90.424202"
"AAH03JACmAAEbrSAqd","20120622","19:42:39","51","23.726700","90.425301"
"AAH03JACmAAEbrSAqd","20120622","19:51:07","39","23.726700","90.425301"
"AAH03JACmAAEbrSAqd","20120622","18:30:33","20","23.726700","90.425301"
"AAH03JACmAAEbrSAqd","20120622","19:40:24","16","23.726700","90.425301"
"AAH03JACmAAEbrSAqe","20120622","09:19:19","65","23.776400","90.356697"
"AAH03JACmAAEbrSAqe","20120622","00:23:39","58","23.776400","90.356697"
"AAH03JACmAAEbrSAqe","20120710","18:18:07","92","23.850300","90.408897"
"AAH03JACmAAEbrSAqe","20120620","14:33:38","377","23.776400","90.356697"
"AAH03JACmAAEbrSAqe","20120620","06:24:25","316","23.776400","90.356697"
"AAH03JACmAAEbrSAqe","20120629","02:32:04","120","23.776400","90.356697"
"AAH03JACmAAEbrSAqe","20120629","02:21:12","370","23.776400","90.356697"
"AAH03JACmAAEbrSAqf","20120627","14:57:01","31","23.788099","90.367500"
"AAH03JACmAAEbrSAqf","20120629","20:25:02","41","23.788099","90.367500"
"AAH03JACmAAEbrSAqf","20120627","17:03:55","34","23.788099","90.367500"
"AAH03JACmAAEbrSAqf","20120625","09:03:53","521","23.788099","90.367500"
"AAH03JACmAAEbrSAqf","20120625","09:17:57","51","23.788099","90.367500"
"AAH03JACmAAEbrSAqf","20120620","19:37:31","48","23.788099","90.367500"
"AAH03JACmAAEbrSAqf","20120620","21:16:54","114","23.788099","90.367500"
"AAH03JACmAAEbrSAqf","20120620","17:58:47","6","23.789400","90.370003"
"AAH03JACmAAEbrSAqf","20120621","16:39:57","52","23.788099","90.367500"
"AAH03JACmAAEbrSAqf","20120623","19:21:14","29","23.788099","90.367500"
"AAH03JACmAAEbrSAqf","20120705","11:29:13","18","23.788099","90.367500"
"AAH03JACmAAEbrSAqf","20120702","09:46:59","13","23.775000","90.365303"
"AAH03JACmAAEbrSAqf","20120703","10:46:38","25","23.788099","90.367500"
"AAH03JACmAAEbrSAqf","20120701","16:46:04","26","23.788099","90.367500"
"AAH03JACmAAEbrSAqf","20120702","22:19:01","1","23.788099","90.367500"
"AAH03JACmAAEbrSAqf","20120718","10:50:31","1144","23.788099","90.367500"
"AAH03JACmAAEbrSAqf","20120717","08:23:17","21","23.788099","90.367500"
"AAH03JACmAAEbrSAqf","20120714","16:40:54","375","23.788099","90.367500"
"AAH03JACmAAEbrSAqf","20120714","09:26:28","81","23.788099","90.367500"
"AAH03JACmAAEbrSAqf","20120709","11:36:53","158","23.788099","90.367500"
"AAH03JACmAAEbrSAqf","20120708","10:21:24","233","23.788099","90.367500"
"AAH03JACmAAEbrSAqf","20120710","16:59:16","73","23.788099","90.367500"
"AAH03JACmAAEbrSAqf","20120710","16:53:19","313","23.788099","90.367500"
"AAH03JACmAAEbrSAqf","20120709","10:28:56","101","23.788099","90.367500"
"AAH03JACmAAEbrSAqf","20120709","11:23:45","225","23.788099","90.367500"
